name,source,mean,std,range90,score
A_0001.jpg,data/crack_only_gan_optimized_1100/train/A/{3F3E02EA-EAFD-4BA7-9DE6-31EED95EE1BA}.jpg,0.5976874232292175,0.12590885162353516,0.38823530077934265,0.03482809615135192
A_0002.jpg,data/crack_only_gan_optimized_1100/train/A/{C3F4F681-D20C-4299-8006-1ACCA7DA8B92}.jpg,0.603208065032959,0.12724009156227112,0.42352941632270813,0.06615992140769958
A_0003.jpg,data/crack_only_gan_optimized_1100/train/A/panoramic-steel-background-metal-texture-with-highlights-vector.jpg,0.519305408000946,0.11379162222146988,0.3490196168422699,0.15223064911365508
A_0004.jpg,data/crack_only_gan_optimized_1100/train/A/metal_007.jpg,0.518294095993042,0.10886169224977493,0.3490196168422699,0.1633040834665298
A_0005.jpg,data/crack_only_gan_optimized_1100/train/A/{16C9544A-FBE8-4C10-A2A0-A4CFD80416A2}.jpg,0.5576927065849304,0.1365143209695816,0.45098039507865906,0.16677778911590574
A_0006.jpg,data/crack_only_gan_optimized_1100/train/A/{D6BA0562-5675-4A66-B2F7-5652364B8FCC}.jpg,0.5461960434913635,0.13663846254348755,0.45490196347236633,0.1847436363697052
A_0007.jpg,data/crack_only_gan_optimized_1100/train/A/metal_073.jpg,0.6218048930168152,0.09397952258586884,0.24705880880355835,0.1991480176448822
A_0008.jpg,data/crack_only_gan_optimized_1100/train/A/{C123D928-1C8A-44CC-9FAD-2C0CDF9EE8B4}.jpg,0.514570951461792,0.106478750705719,0.32156863808631897,0.19998871874809263
A_0009.jpg,data/crack_only_gan_optimized_1100/train/A/metal_097.jpg,0.6283290386199951,0.08921662718057632,0.26274508237838745,0.20081650960445405
A_0010.jpg,data/crack_only_gan_optimized_1100/train/A/metal_090.jpg,0.5822728276252747,0.09241040796041489,0.2549019753932953,0.21354981553554533
A_0011.jpg,data/crack_only_gan_optimized_1100/train/A/{B8D91B36-0F7C-4BD7-BA4D-696D9816EE9F}.jpg,0.7348779439926147,0.1319858878850937,0.4313725531101227,0.22519786167144776
A_0012.jpg,data/crack_only_gan_optimized_1100/train/A/metal_031.jpg,0.6839650869369507,0.10729021579027176,0.2549019455909729,0.2392757271528244
A_0013.jpg,data/crack_only_gan_optimized_1100/train/A/{373A137B-570B-44FF-A209-1562A212BE0F}.jpg,0.545976996421814,0.08711591362953186,0.27843138575553894,0.24416439127922057
A_0014.jpg,data/crack_only_gan_optimized_1100/train/A/metal_020.jpg,0.6219699382781982,0.08448919653892517,0.21176469326019287,0.2536208395957947
A_0015.jpg,data/crack_only_gan_optimized_1100/train/A/metal_014.jpg,0.7808330059051514,0.13296979665756226,0.3529411554336548,0.2579980449676514
A_0016.jpg,data/crack_only_gan_optimized_1100/train/A/metal_100.jpg,0.6512059569358826,0.07416292279958725,0.24313724040985107,0.2779840623140335
A_0017.jpg,data/crack_only_gan_optimized_1100/train/A/metal_042.jpg,0.804710328578949,0.12366750836372375,0.31372547149658203,0.30726193952560427
A_0018.jpg,data/crack_only_gan_optimized_1100/train/A/metal_050.jpg,0.613433837890625,0.055909015238285065,0.1764705777168274,0.3358319972753525
A_0019.jpg,data/crack_only_gan_optimized_1100/train/A/{86B22976-C333-4F4F-8A55-7213DA059D00}.jpg,0.7197518944740295,0.07943367958068848,0.2549019455909729,0.3379329686164856
A_0020.jpg,data/crack_only_gan_optimized_1100/train/A/metal_059.jpg,0.7268812656402588,0.09545312821865082,0.23137253522872925,0.33797872710227966
A_0021.jpg,data/crack_only_gan_optimized_1100/train/A/metal_026.jpg,0.8009772300720215,0.10859685391187668,0.2901960611343384,0.34178290712833403
A_0022.jpg,data/crack_only_gan_optimized_1100/train/A/metal_092.jpg,0.6814244985580444,0.07629069685935974,0.2078431248664856,0.34528487968444826
A_0023.jpg,data/crack_only_gan_optimized_1100/train/A/metal_039.jpg,0.6327620148658752,0.06839017570018768,0.16470587253570557,0.34582819390296937
A_0024.jpg,data/crack_only_gan_optimized_1100/train/A/metal_062.jpg,0.833336591720581,0.11508817970752716,0.29411762952804565,0.3637099211215973
A_0025.jpg,data/crack_only_gan_optimized_1100/train/A/metal_064.jpg,0.730205237865448,0.07613636553287506,0.23137253522872925,0.3806010191440582
A_0026.jpg,data/crack_only_gan_optimized_1100/train/A/metal_071.jpg,0.730625331401825,0.08418095111846924,0.21568626165390015,0.3807022337913513
A_0027.jpg,data/crack_only_gan_optimized_1100/train/A/metal_022.jpg,0.744890034198761,0.0717293843626976,0.2392156720161438,0.39919360029697415
A_0028.jpg,data/crack_only_gan_optimized_1100/train/A/metal_069.jpg,0.5704013705253601,0.05243828520178795,0.15686273574829102,0.4057790492177009
A_0029.jpg,data/crack_only_gan_optimized_1100/train/A/synthetic_metal_2.jpg,0.7754780054092407,0.09260909259319305,0.22745096683502197,0.4059044544696808
A_0030.jpg,data/crack_only_gan_optimized_1100/train/A/metal_053.jpg,0.7737821936607361,0.08082092553377151,0.2392156720161438,0.41568110930919644
A_0031.jpg,data/crack_only_gan_optimized_1100/train/A/metal_002.jpg,0.7578305006027222,0.07236625254154205,0.21176469326019287,0.4408994023799896
A_0032.jpg,data/crack_only_gan_optimized_1100/train/A/metal_056.jpg,0.7206704020500183,0.06425975263118744,0.1764705777168274,0.4478143994808197
A_0033.jpg,data/crack_only_gan_optimized_1100/train/A/metal_017.jpg,0.8085198402404785,0.08549872785806656,0.23137253522872925,0.4558538173437119
A_0034.jpg,data/crack_only_gan_optimized_1100/train/A/metal_035.jpg,0.7635905742645264,0.06728518754243851,0.21176469326019287,0.45797362077236176
A_0035.jpg,data/crack_only_gan_optimized_1100/train/A/metal_082.jpg,0.7541305422782898,0.07073001563549042,0.1921568512916565,0.4593397681713104
A_0036.jpg,data/crack_only_gan_optimized_1100/train/A/metal_011.jpg,0.8628079295158386,0.10989581048488617,0.24313724040985107,0.46044065403938295
A_0037.jpg,data/crack_only_gan_optimized_1100/train/A/metal_024.jpg,0.7233798503875732,0.05596708506345749,0.1607843041419983,0.48333734619617463
A_0038.jpg,data/crack_only_gan_optimized_1100/train/A/metal_032.jpg,0.7965668439865112,0.07548849284648895,0.20392155647277832,0.48898167061805725
A_0039.jpg,data/crack_only_gan_optimized_1100/train/A/metal_030.jpg,0.8103396892547607,0.07657600194215775,0.2078431248664856,0.4994124983549118
A_0040.jpg,data/crack_only_gan_optimized_1100/train/A/metal_006.jpg,0.8199841976165771,0.07904040068387985,0.2078431248664856,0.5060571109056473
A_0041.jpg,data/crack_only_gan_optimized_1100/train/A/metal_068.jpg,0.7761141061782837,0.053623612970113754,0.18039214611053467,0.5316975553631782
A_0042.jpg,data/crack_only_gan_optimized_1100/train/A/metal_010.jpg,0.7888967990875244,0.052052829414606094,0.1764705777168274,0.5540999223589897
A_0043.jpg,data/crack_only_gan_optimized_1100/train/A/metal_088.jpg,0.8502306938171387,0.07868212461471558,0.19607841968536377,0.5548341636657714
A_0044.jpg,data/crack_only_gan_optimized_1100/train/A/metal_094.jpg,0.4725162386894226,0.04565063863992691,0.13725492358207703,0.556424312710762
A_0045.jpg,data/crack_only_gan_optimized_1100/train/A/metal_009.jpg,0.8659631609916687,0.07477421313524246,0.2078431248664856,0.569764242053032
A_0046.jpg,data/crack_only_gan_optimized_1100/train/A/metal_095.jpg,0.7983596920967102,0.047674741595983505,0.15294116735458374,0.5977409799695015
A_0047.jpg,data/crack_only_gan_optimized_1100/train/A/metal_067.jpg,0.8907529711723328,0.0737171471118927,0.20392155647277832,0.6055477147102356
A_0048.jpg,data/crack_only_gan_optimized_1100/train/A/metal_018.jpg,0.8457801938056946,0.06435324251651764,0.16862744092941284,0.6056023066043854
A_0049.jpg,data/crack_only_gan_optimized_1100/train/A/metal_086.jpg,0.7970911264419556,0.04616674780845642,0.1450980305671692,0.6070778255462647
A_0050.jpg,data/crack_only_gan_optimized_1100/train/A/metal_060.jpg,0.8714053630828857,0.05842588096857071,0.18823528289794922,0.6285993908643723
A_0051.jpg,data/crack_only_gan_optimized_1100/train/A/metal_087.jpg,0.8441535234451294,0.054671842604875565,0.14117646217346191,0.6504640807509423
A_0052.jpg,data/crack_only_gan_optimized_1100/train/A/metal_099.jpg,0.888962984085083,0.05941396951675415,0.18431371450424194,0.6516139273643493
A_0053.jpg,data/crack_only_gan_optimized_1100/train/A/metal_004.jpg,0.6129065155982971,0.03187645971775055,0.10196077823638916,10.457774121046066
A_0054.jpg,data/crack_only_gan_optimized_1100/train/A/metal_074.jpg,0.5847388505935669,0.03734346479177475,0.11764705181121826,10.457979397892952
A_0055.jpg,data/crack_only_gan_optimized_1100/train/A/metal_012.jpg,0.6092730164527893,0.03131021931767464,0.09803920984268188,10.460212731778622
A_0056.jpg,data/crack_only_gan_optimized_1100/train/A/metal_034.jpg,0.6043562889099121,0.02451307885348797,0.08235293626785278,10.495393359333276
A_0057.jpg,data/crack_only_gan_optimized_1100/train/A/metal_023.jpg,0.6425763964653015,0.029565468430519104,0.09411764144897461,10.505843097448349
A_0058.jpg,data/crack_only_gan_optimized_1100/train/A/metal_033.jpg,0.6660100817680359,0.03318946063518524,0.10588234663009644,10.514950830221176
A_0059.jpg,data/crack_only_gan_optimized_1100/train/A/metal_040.jpg,0.5112772583961487,0.03769953176379204,0.12156865000724792,10.54149957638979
A_0060.jpg,data/crack_only_gan_optimized_1100/train/A/metal_093.jpg,0.6889688968658447,0.032858897000551224,0.10588234663009644,10.543162535607815
A_0061.jpg,data/crack_only_gan_optimized_1100/train/A/metal_027.jpg,0.7196606397628784,0.0378996804356575,0.1254901885986328,10.550303218245507
A_0062.jpg,data/crack_only_gan_optimized_1100/train/A/metal_070.jpg,0.6984645128250122,0.02805802971124649,0.09411764144897461,10.575923714518547
A_0063.jpg,data/crack_only_gan_optimized_1100/train/A/metal_084.jpg,0.7045804858207703,0.030562469735741615,0.09019607305526733,10.582175570458174
A_0064.jpg,data/crack_only_gan_optimized_1100/train/A/metal_044.jpg,0.6386023163795471,0.011705522425472736,0.039215683937072754,10.591696050867439
A_0065.jpg,data/crack_only_gan_optimized_1100/train/A/metal_061.jpg,0.6194134950637817,0.007620778866112232,0.023529410362243652,10.59252522598207
A_0066.jpg,data/crack_only_gan_optimized_1100/train/A/metal_005.jpg,0.5962717533111572,0.006669899914413691,0.023529410362243652,10.59960468583554
A_0067.jpg,data/crack_only_gan_optimized_1100/train/A/metal_098.jpg,0.5690923929214478,0.01245554257184267,0.039215683937072754,10.604962359413504
A_0068.jpg,data/crack_only_gan_optimized_1100/train/A/metal_089.jpg,0.6234784126281738,0.003939653746783733,0.0156862735748291,10.612608514085412
A_0069.jpg,data/crack_only_gan_optimized_1100/train/A/metal_055.jpg,0.6329289078712463,0.006436320953071117,0.019607841968536377,10.615034205570817
A_0070.jpg,data/crack_only_gan_optimized_1100/train/A/metal_045.jpg,0.7640726566314697,0.036001794040203094,0.11764705181121826,10.61523654806614
A_0071.jpg,data/crack_only_gan_optimized_1100/train/A/metal_046.jpg,0.7566570043563843,0.03502371534705162,0.10980391502380371,10.616137059509754
A_0072.jpg,data/crack_only_gan_optimized_1100/train/A/metal_013.jpg,0.9153804779052734,0.07899797707796097,0.2078431248664856,10.620617494463922
A_0073.jpg,data/crack_only_gan_optimized_1100/train/A/metal_085.jpg,0.569993257522583,0.009200639091432095,0.027450978755950928,10.622155834034086
A_0074.jpg,data/crack_only_gan_optimized_1100/train/A/metal_072.jpg,0.7589051127433777,0.03333193436264992,0.10980391502380371,10.62221835154295
A_0075.jpg,data/crack_only_gan_optimized_1100/train/A/metal_058.jpg,0.6912651658058167,0.017572253942489624,0.05882352590560913,10.623550165176392
A_0076.jpg,/home/lim-hyun-su/Defect_ws/src/custom_defect/data/custom/A/正常20180915153754对照样本.jpg,0.6120505928993225,0.10598178952932358,0.3803921639919281,0.03088929641246796
A_0077.jpg,/home/lim-hyun-su/Defect_ws/src/custom_defect/data/custom/A/正常20180915151816对照样本.jpg,0.6125067472457886,0.1117682009935379,0.3921568691730499,0.03162856388092041
A_0078.jpg,/home/lim-hyun-su/Defect_ws/src/custom_defect/data/custom/A/正常20180915145532对照样本.jpg,0.6234534382820129,0.1195904091000557,0.364705890417099,0.03225741732120515
A_0079.jpg,/home/lim-hyun-su/Defect_ws/src/custom_defect/data/custom/A/正常20180915145554对照样本.jpg,0.6137970685958862,0.11703009903430939,0.40392157435417175,0.034417858600616455
A_0080.jpg,/home/lim-hyun-su/Defect_ws/src/custom_defect/data/custom/A/正常20180914092451对照样本.jpg,0.6254169344902039,0.11384417116641998,0.3843137323856354,0.03512571144104004
A_0081.jpg,/home/lim-hyun-su/Defect_ws/src/custom_defect/data/custom/A/正常20180915145603对照样本.jpg,0.610636293888092,0.12346262484788895,0.40784314274787903,0.03553194510936739
A_0082.jpg,/home/lim-hyun-su/Defect_ws/src/custom_defect/data/custom/A/正常20180915151934对照样本.jpg,0.609681248664856,0.11228787153959274,0.4000000059604645,0.03580676448345181
A_0083.jpg,/home/lim-hyun-su/Defect_ws/src/custom_defect/data/custom/A/正常20180915150749对照样本.jpg,0.59405118227005,0.12138301134109497,0.3960784375667572,0.03798304152488707
A_0084.jpg,/home/lim-hyun-su/Defect_ws/src/custom_defect/data/custom/A/正常20180914092438对照样本.jpg,0.6312095522880554,0.11387870460748672,0.3803921639919281,0.03808621752262116
A_0085.jpg,/home/lim-hyun-su/Defect_ws/src/custom_defect/data/custom/A/正常20180915153819对照样本.jpg,0.6167175769805908,0.10816468298435211,0.37254902720451355,0.039182699203491225
A_0086.jpg,/home/lim-hyun-su/Defect_ws/src/custom_defect/data/custom/A/正常20180915151913对照样本.jpg,0.5948213338851929,0.11126705259084702,0.3764705955982208,0.03920969855785368
A_0087.jpg,/home/lim-hyun-su/Defect_ws/src/custom_defect/data/custom/A/正常20180915150343对照样本.jpg,0.6073575615882874,0.1242830827832222,0.40784314274787903,0.03958023440837859
A_0088.jpg,/home/lim-hyun-su/Defect_ws/src/custom_defect/data/custom/A/正常20180914094407对照样本.jpg,0.6300706267356873,0.11354461312294006,0.3764705955982208,0.040524930238723764
A_0089.jpg,/home/lim-hyun-su/Defect_ws/src/custom_defect/data/custom/A/正常20180915145635对照样本.jpg,0.6109396815299988,0.11517604440450668,0.3490196168422699,0.041755912184715284
A_0090.jpg,/home/lim-hyun-su/Defect_ws/src/custom_defect/data/custom/A/正常20180915152900对照样本.jpg,0.5896415710449219,0.11453209817409515,0.38823530077934265,0.04360121917724606
A_0091.jpg,/home/lim-hyun-su/Defect_ws/src/custom_defect/data/custom/A/正常20180915143834对照样本.jpg,0.6292337775230408,0.1192302480340004,0.3607843220233917,0.04383571493625642
A_0092.jpg,/home/lim-hyun-su/Defect_ws/src/custom_defect/data/custom/A/正常20180915161028对照样本.jpg,0.5838510394096375,0.11390082538127899,0.3803921639919281,0.043969265937805146
A_0093.jpg,/home/lim-hyun-su/Defect_ws/src/custom_defect/data/custom/A/正常20180915153051对照样本.jpg,0.6026180982589722,0.10600510239601135,0.38823530077934265,0.04508337807655331
A_0094.jpg,/home/lim-hyun-su/Defect_ws/src/custom_defect/data/custom/A/正常20180915150326对照样本.jpg,0.5874764919281006,0.12508274614810944,0.38823530077934265,0.04542900276184081
A_0095.jpg,/home/lim-hyun-su/Defect_ws/src/custom_defect/data/custom/A/正常20180915155533对照样本.jpg,0.6161565780639648,0.10677721351385117,0.3921568691730499,0.04599033582210541
A_0096.jpg,/home/lim-hyun-su/Defect_ws/src/custom_defect/data/custom/A/正常20180913172051对照样本.jpg,0.5961408019065857,0.11920303851366043,0.40784314274787903,0.0460681034326553
A_0097.jpg,/home/lim-hyun-su/Defect_ws/src/custom_defect/data/custom/A/正常20180915162156对照样本.jpg,0.6164150834083557,0.10793960839509964,0.3960784375667572,0.04789732086658478
A_0098.jpg,/home/lim-hyun-su/Defect_ws/src/custom_defect/data/custom/A/正常20180915152009对照样本.jpg,0.6127363443374634,0.11081389337778091,0.40784314274787903,0.04949896919727326
A_0099.jpg,/home/lim-hyun-su/Defect_ws/src/custom_defect/data/custom/A/正常20180915152840对照样本.jpg,0.5993258357048035,0.10967670381069183,0.3960784375667572,0.04953402709960934
A_0100.jpg,/home/lim-hyun-su/Defect_ws/src/custom_defect/data/custom/A/正常20180914152244对照样本.jpg,0.6312084794044495,0.10947205126285553,0.3843137323856354,0.05081980514526367
A_0101.jpg,/home/lim-hyun-su/Defect_ws/src/custom_defect/data/custom/A/正常20180915151833对照样本.jpg,0.5867745280265808,0.10976386070251465,0.3764705955982208,0.05187224936485288
A_0102.jpg,/home/lim-hyun-su/Defect_ws/src/custom_defect/data/custom/A/正常20180915145449对照样本.jpg,0.6062377691268921,0.12262418866157532,0.33725491166114807,0.05250814270973205
A_0103.jpg,/home/lim-hyun-su/Defect_ws/src/custom_defect/data/custom/A/正常20180915151922对照样本.jpg,0.5827558636665344,0.11003198474645615,0.3803921639919281,0.053021158099174466
A_0104.jpg,/home/lim-hyun-su/Defect_ws/src/custom_defect/data/custom/A/正常20180915153014对照样本.jpg,0.589515209197998,0.10958466678857803,0.38823530077934265,0.053647716164588896
A_0105.jpg,/home/lim-hyun-su/Defect_ws/src/custom_defect/data/custom/A/正常20180915154531对照样本.jpg,0.6048071384429932,0.09970511496067047,0.37254902720451355,0.05427217674255369
A_0106.jpg,/home/lim-hyun-su/Defect_ws/src/custom_defect/data/custom/A/正常20180915153000对照样本.jpg,0.5854990482330322,0.11547785252332687,0.3960784375667572,0.05452387464046475
A_0107.jpg,/home/lim-hyun-su/Defect_ws/src/custom_defect/data/custom/A/正常20180915150317对照样本.jpg,0.5696632862091064,0.12135210633277893,0.3843137323856354,0.05542200160026549
A_0108.jpg,/home/lim-hyun-su/Defect_ws/src/custom_defect/data/custom/A/正常20180915153846对照样本.jpg,0.596743106842041,0.10041164606809616,0.3803921639919281,0.055477143645286525
A_0109.jpg,/home/lim-hyun-su/Defect_ws/src/custom_defect/data/custom/A/正常20180915143938对照样本.jpg,0.6511170864105225,0.11894036829471588,0.3843137323856354,0.05577349948883057
A_0110.jpg,/home/lim-hyun-su/Defect_ws/src/custom_defect/data/custom/A/正常20180915144853对照样本.jpg,0.6194716691970825,0.1269298791885376,0.3490196168422699,0.05620614457130435
A_0111.jpg,/home/lim-hyun-su/Defect_ws/src/custom_defect/data/custom/A/正常20180913171116对照样本.jpg,0.6019821166992188,0.1255110502243042,0.4156862795352936,0.05632983994483946
A_0112.jpg,/home/lim-hyun-su/Defect_ws/src/custom_defect/data/custom/A/正常20180915153613对照样本.jpg,0.5768336653709412,0.126580148935318,0.3843137323856354,0.05727363181114196
A_0113.jpg,/home/lim-hyun-su/Defect_ws/src/custom_defect/data/custom/A/正常20180914152828对照样本.jpg,0.6445848941802979,0.11426222324371338,0.3843137323856354,0.05729115891456604
A_0114.jpg,/home/lim-hyun-su/Defect_ws/src/custom_defect/data/custom/A/正常20180915151941对照样本.jpg,0.5888456106185913,0.10812258720397949,0.38823530077934265,0.05737539362907407
A_0115.jpg,/home/lim-hyun-su/Defect_ws/src/custom_defect/data/custom/A/正常20180915150637对照样本.jpg,0.5690510272979736,0.12402622401714325,0.3803921639919281,0.05758337926864623
A_0116.jpg,/home/lim-hyun-su/Defect_ws/src/custom_defect/data/custom/A/正常20180914152724对照样本.jpg,0.620280385017395,0.13109786808490753,0.40392157435417175,0.05845377254486086
A_0117.jpg,/home/lim-hyun-su/Defect_ws/src/custom_defect/data/custom/A/正常20180915161606对照样本.jpg,0.5930392742156982,0.1214272677898407,0.4156862795352936,0.05889368605613707
A_0118.jpg,/home/lim-hyun-su/Defect_ws/src/custom_defect/data/custom/A/正常20180915150646对照样本.jpg,0.5914528369903564,0.12840835750102997,0.4000000059604645,0.05907331657409667
A_0119.jpg,/home/lim-hyun-su/Defect_ws/src/custom_defect/data/custom/A/正常20180915144907对照样本.jpg,0.6256553530693054,0.11322663724422455,0.3529411852359772,0.059391963958740246
A_0120.jpg,/home/lim-hyun-su/Defect_ws/src/custom_defect/data/custom/A/正常20180915150335对照样本.jpg,0.5822504758834839,0.12914983928203583,0.38823530077934265,0.05983440828323363
A_0121.jpg,/home/lim-hyun-su/Defect_ws/src/custom_defect/data/custom/A/正常20180914143957对照样本.jpg,0.61298006772995,0.1111917793750763,0.34117648005485535,0.06001604247093202
A_0122.jpg,/home/lim-hyun-su/Defect_ws/src/custom_defect/data/custom/A/正常20180913171941对照样本.jpg,0.5874904990196228,0.11534907668828964,0.40392157435417175,0.060234822154045076
A_0123.jpg,/home/lim-hyun-su/Defect_ws/src/custom_defect/data/custom/A/正常20180914144122对照样本.jpg,0.6330960392951965,0.1225651428103447,0.40784314274787903,0.06068867552280428
A_0124.jpg,/home/lim-hyun-su/Defect_ws/src/custom_defect/data/custom/A/正常20180913171123对照样本.jpg,0.57868492603302,0.11426671594381332,0.3921568691730499,0.061201526045799225
A_0125.jpg,/home/lim-hyun-su/Defect_ws/src/custom_defect/data/custom/A/正常20180915151842对照样本.jpg,0.5892731547355652,0.10749097168445587,0.3686274588108063,0.061262812137603734
A_0126.jpg,/home/lim-hyun-su/Defect_ws/src/custom_defect/data/custom/A/正常20180915152830对照样本.jpg,0.584078311920166,0.11463456600904465,0.4000000059604645,0.06183689963817593
A_0127.jpg,/home/lim-hyun-su/Defect_ws/src/custom_defect/data/custom/A/正常20180915160331对照样本.jpg,0.5851050019264221,0.10736197978258133,0.37254902720451355,0.06260101091861722
A_0128.jpg,/home/lim-hyun-su/Defect_ws/src/custom_defect/data/custom/A/正常20180915152943对照样本.jpg,0.5674275755882263,0.12213659286499023,0.37254902720451355,0.06281106781959533
A_0129.jpg,/home/lim-hyun-su/Defect_ws/src/custom_defect/data/custom/A/正常20180915151949对照样本.jpg,0.6031248569488525,0.1085457131266594,0.4117647111415863,0.06292345654964444
A_0130.jpg,/home/lim-hyun-su/Defect_ws/src/custom_defect/data/custom/A/正常20180915170917对照样本.jpg,0.5996006727218628,0.12988905608654022,0.3490196168422699,0.06323768806457519
A_0131.jpg,/home/lim-hyun-su/Defect_ws/src/custom_defect/data/custom/A/正常20180915150400对照样本.jpg,0.5899251699447632,0.12392854690551758,0.4117647111415863,0.06371160101890563
A_0132.jpg,/home/lim-hyun-su/Defect_ws/src/custom_defect/data/custom/A/正常20180915154523对照样本.jpg,0.6030402183532715,0.09978696703910828,0.364705890417099,0.06407191348075865
A_0133.jpg,/home/lim-hyun-su/Defect_ws/src/custom_defect/data/custom/A/正常20180915155442对照样本.jpg,0.6115865111351013,0.10238342732191086,0.3529411852359772,0.06419577348232271
A_0134.jpg,/home/lim-hyun-su/Defect_ws/src/custom_defect/data/custom/A/正常20180915153042对照样本.jpg,0.5998972654342651,0.10964246094226837,0.4117647111415863,0.06460307073593137
A_0135.jpg,/home/lim-hyun-su/Defect_ws/src/custom_defect/data/custom/A/正常20180915155403对照样本.jpg,0.597097635269165,0.10472667217254639,0.3607843220233917,0.06524517130851744
A_0136.jpg,/home/lim-hyun-su/Defect_ws/src/custom_defect/data/custom/A/正常20180915160318对照样本.jpg,0.5741084218025208,0.11064253002405167,0.3764705955982208,0.06531423819065091
A_0137.jpg,/home/lim-hyun-su/Defect_ws/src/custom_defect/data/custom/A/正常20180915151502对照样本.jpg,0.6015210151672363,0.12978050112724304,0.4156862795352936,0.06542206358909605
A_0138.jpg,/home/lim-hyun-su/Defect_ws/src/custom_defect/data/custom/A/正常20180915153031对照样本.jpg,0.6078668832778931,0.1063375174999237,0.4156862795352936,0.06557098460197446
A_0139.jpg,/home/lim-hyun-su/Defect_ws/src/custom_defect/data/custom/A/正常20180915150722对照样本.jpg,0.5763387084007263,0.13249507546424866,0.3803921639919281,0.06577586483955382
A_0140.jpg,/home/lim-hyun-su/Defect_ws/src/custom_defect/data/custom/A/正常20180915162206对照样本.jpg,0.5992071628570557,0.10554704070091248,0.40392157435417175,0.06577889752387997
A_0141.jpg,/home/lim-hyun-su/Defect_ws/src/custom_defect/data/custom/A/正常20180915150730对照样本.jpg,0.5783897638320923,0.12805771827697754,0.3921568691730499,0.06620458912849425
A_0142.jpg,/home/lim-hyun-su/Defect_ws/src/custom_defect/data/custom/A/正常20180913172113对照样本.jpg,0.5965930819511414,0.1083703264594078,0.40784314274787903,0.06719079148769376
A_0143.jpg,/home/lim-hyun-su/Defect_ws/src/custom_defect/data/custom/A/正常20180915170944对照样本.jpg,0.6002330183982849,0.13041721284389496,0.3450980484485626,0.0674567551612854
A_0144.jpg,/home/lim-hyun-su/Defect_ws/src/custom_defect/data/custom/A/正常20180915164301对照样本.jpg,0.5670006275177002,0.11957775801420212,0.36490169167518616,0.06754203927516936
A_0145.jpg,/home/lim-hyun-su/Defect_ws/src/custom_defect/data/custom/A/正常20180913171515对照样本.jpg,0.569564163684845,0.11801621317863464,0.3960784375667572,0.06856901478767391
A_0146.jpg,/home/lim-hyun-su/Defect_ws/src/custom_defect/data/custom/A/正常20180915161645对照样本.jpg,0.5808331966400146,0.10708736628293991,0.38823530077934265,0.06906073224544522
A_0147.jpg,/home/lim-hyun-su/Defect_ws/src/custom_defect/data/custom/A/正常20180915152705对照样本.jpg,0.5770637392997742,0.1252218633890152,0.3607843220233917,0.06918291759490966
A_0148.jpg,/home/lim-hyun-su/Defect_ws/src/custom_defect/data/custom/A/正常20180913171014对照样本.jpg,0.5665203928947449,0.12105215340852737,0.3960784375667572,0.07035827291011809
A_0149.jpg,/home/lim-hyun-su/Defect_ws/src/custom_defect/data/custom/A/正常20180913152600对照样本.jpg,0.6252802014350891,0.10358776152133942,0.3607843220233917,0.07037639665603639
A_0150.jpg,/home/lim-hyun-su/Defect_ws/src/custom_defect/data/custom/A/正常20180913171046对照样本.jpg,0.5543555617332458,0.11993423849344254,0.3764705955982208,0.07043425333499906
A_0151.jpg,/home/lim-hyun-su/Defect_ws/src/custom_defect/data/custom/A/正常20180914152218对照样本.jpg,0.6321694850921631,0.12815266847610474,0.40784314274787903,0.07075186181068423
A_0152.jpg,/home/lim-hyun-su/Defect_ws/src/custom_defect/data/custom/A/正常20180915153108对照样本.jpg,0.567581832408905,0.1172543317079544,0.364705890417099,0.07168724727630613
A_0153.jpg,/home/lim-hyun-su/Defect_ws/src/custom_defect/data/custom/A/正常20180914152857对照样本.jpg,0.6405017375946045,0.1142386943101883,0.40392157435417175,0.07204627084732056
A_0154.jpg,/home/lim-hyun-su/Defect_ws/src/custom_defect/data/custom/A/正常20180915161017对照样本.jpg,0.5644470453262329,0.11344055831432343,0.3843137323856354,0.072096161365509
A_0155.jpg,/home/lim-hyun-su/Defect_ws/src/custom_defect/data/custom/A/正常20180913150945对照样本.jpg,0.5694315433502197,0.11583344638347626,0.364705890417099,0.07230936479568478
A_0156.jpg,/home/lim-hyun-su/Defect_ws/src/custom_defect/data/custom/A/正常20180915160853对照样本.jpg,0.575701117515564,0.11991768330335617,0.4117647111415863,0.07308800351619718
A_0157.jpg,/home/lim-hyun-su/Defect_ws/src/custom_defect/data/custom/A/正常20180915154420对照样本.jpg,0.5984384417533875,0.09598326683044434,0.3686274588108063,0.0732798774242401
A_0158.jpg,/home/lim-hyun-su/Defect_ws/src/custom_defect/data/custom/A/正常20180915160348对照样本.jpg,0.5814182162284851,0.1084754541516304,0.3960784375667572,0.07342566978931424
A_0159.jpg,/home/lim-hyun-su/Defect_ws/src/custom_defect/data/custom/A/正常20180913171059对照样本.jpg,0.5571252107620239,0.12089413404464722,0.38823530077934265,0.07347331595420836
A_0160.jpg,/home/lim-hyun-su/Defect_ws/src/custom_defect/data/custom/A/正常20180915144919对照样本.jpg,0.6522514820098877,0.12950125336647034,0.3843137323856354,0.0740180175304413
A_0161.jpg,/home/lim-hyun-su/Defect_ws/src/custom_defect/data/custom/A/正常20180915153836对照样本.jpg,0.6006434559822083,0.09612444043159485,0.364705890417099,0.07427308154106138
A_0162.jpg,/home/lim-hyun-su/Defect_ws/src/custom_defect/data/custom/A/正常20180915151525对照样本.jpg,0.5766242146492004,0.10394595563411713,0.376666396856308,0.07549263429641721
A_0163.jpg,/home/lim-hyun-su/Defect_ws/src/custom_defect/data/custom/A/正常20180915150655对照样本.jpg,0.5701696872711182,0.13388381898403168,0.3803921639919281,0.07595617723464965
A_0164.jpg,/home/lim-hyun-su/Defect_ws/src/custom_defect/data/custom/A/正常20180915154515对照样本.jpg,0.6003434658050537,0.10095443576574326,0.3529411852359772,0.07673778426647185
A_0165.jpg,/home/lim-hyun-su/Defect_ws/src/custom_defect/data/custom/A/正常20180914093934对照样本.jpg,0.6184698343276978,0.11003151535987854,0.3333333432674408,0.07676742720603943
A_0166.jpg,/home/lim-hyun-su/Defect_ws/src/custom_defect/data/custom/A/正常20180911104113对照样本.jpg,0.6495915055274963,0.11229060590267181,0.3939189910888672,0.07684758591651916
A_0167.jpg,/home/lim-hyun-su/Defect_ws/src/custom_defect/data/custom/A/正常20180915153117对照样本.jpg,0.5670661926269531,0.11299290508031845,0.3686274588108063,0.07690729987621306
A_0168.jpg,/home/lim-hyun-su/Defect_ws/src/custom_defect/data/custom/A/正常20180915162453对照样本.jpg,0.5754439830780029,0.11424026638269424,0.40392157435417175,0.07690826189517971
A_0169.jpg,/home/lim-hyun-su/Defect_ws/src/custom_defect/data/custom/A/正常20180914144026对照样本.jpg,0.6484496593475342,0.12181740254163742,0.40784314274787903,0.0776175390481949
A_0170.jpg,/home/lim-hyun-su/Defect_ws/src/custom_defect/data/custom/A/正常20180915152911对照样本.jpg,0.558376669883728,0.11979164928197861,0.364705890417099,0.07765880715847012
A_0171.jpg,/home/lim-hyun-su/Defect_ws/src/custom_defect/data/custom/A/正常20180914094426对照样本.jpg,0.6231487393379211,0.10049547255039215,0.35686275362968445,0.07792478847503663
A_0172.jpg,/home/lim-hyun-su/Defect_ws/src/custom_defect/data/custom/A/正常20180915154542对照样本.jpg,0.5957987308502197,0.10240702331066132,0.3529411852359772,0.0792862911224365
A_0173.jpg,/home/lim-hyun-su/Defect_ws/src/custom_defect/data/custom/A/正常20180915143850对照样本.jpg,0.6411731839179993,0.11053761839866638,0.35686275362968445,0.07946983027458192
A_0174.jpg,/home/lim-hyun-su/Defect_ws/src/custom_defect/data/custom/A/正常20180915151427对照样本.jpg,0.5731800198554993,0.11185608804225922,0.3607843220233917,0.0796874780654907
A_0175.jpg,/home/lim-hyun-su/Defect_ws/src/custom_defect/data/custom/A/正常20180913173006对照样本.jpg,0.5726174712181091,0.11252761632204056,0.4000000059604645,0.07980380785465238
A_0176.jpg,/home/lim-hyun-su/Defect_ws/src/custom_defect/data/custom/A/正常20180913172239对照样本.jpg,0.5650390982627869,0.11500230431556702,0.3960784375667572,0.0800269110202789
A_0177.jpg,/home/lim-hyun-su/Defect_ws/src/custom_defect/data/custom/A/正常20180914094605对照样本.jpg,0.6159687638282776,0.11471202969551086,0.3176470696926117,0.08009138751029969
A_0178.jpg,/home/lim-hyun-su/Defect_ws/src/custom_defect/data/custom/A/正常20180915145543对照样本.jpg,0.6428431868553162,0.12254089117050171,0.4156862795352936,0.0801798861026764
A_0179.jpg,/home/lim-hyun-su/Defect_ws/src/custom_defect/data/custom/A/正常20180913173401对照样本.jpg,0.5853021144866943,0.11618738621473312,0.42352941632270813,0.08079210650920865
A_0180.jpg,/home/lim-hyun-su/Defect_ws/src/custom_defect/data/custom/A/正常20180914152844对照样本.jpg,0.6461465954780579,0.12483882158994675,0.40784314274787903,0.08089670050144197
A_0181.jpg,/home/lim-hyun-su/Defect_ws/src/custom_defect/data/custom/A/正常20180913173137对照样本.jpg,0.5875737071037292,0.12133127450942993,0.4313725531101227,0.08094665360450744
A_0182.jpg,/home/lim-hyun-su/Defect_ws/src/custom_defect/data/custom/A/正常20180914094441对照样本.jpg,0.6599635481834412,0.12058115750551224,0.4000000059604645,0.08111857879161836
A_0183.jpg,/home/lim-hyun-su/Defect_ws/src/custom_defect/data/custom/A/正常20180915145934对照样本.jpg,0.5973910689353943,0.10405834764242172,0.3450980484485626,0.08191597354412077
A_0184.jpg,/home/lim-hyun-su/Defect_ws/src/custom_defect/data/custom/A/正常20180915160903对照样本.jpg,0.5754988193511963,0.1206643134355545,0.41960784792900085,0.0823378915786743
A_0185.jpg,/home/lim-hyun-su/Defect_ws/src/custom_defect/data/custom/A/正常20180915151417对照样本.jpg,0.568422794342041,0.1281871497631073,0.3960784375667572,0.08234538388252258
A_0186.jpg,/home/lim-hyun-su/Defect_ws/src/custom_defect/data/custom/A/正常20180915151904对照样本.jpg,0.5763929486274719,0.10628090053796768,0.364705890417099,0.0830607701539993
A_0187.jpg,/home/lim-hyun-su/Defect_ws/src/custom_defect/data/custom/A/正常20180915150352对照样本.jpg,0.5801669955253601,0.13365067541599274,0.4000000059604645,0.08310096216201782
A_0188.jpg,/home/lim-hyun-su/Defect_ws/src/custom_defect/data/custom/A/正常20180915162424对照样本.jpg,0.5504335165023804,0.1241045743227005,0.3764705955982208,0.08321833324432372
A_0189.jpg,/home/lim-hyun-su/Defect_ws/src/custom_defect/data/custom/A/正常20180915160401对照样本.jpg,0.5892605781555176,0.10661125183105469,0.4117647111415863,0.08342951369285581
A_0190.jpg,/home/lim-hyun-su/Defect_ws/src/custom_defect/data/custom/A/正常20180914093948对照样本.jpg,0.6245834827423096,0.10432159155607224,0.3450980484485626,0.0837589477300644
A_0191.jpg,/home/lim-hyun-su/Defect_ws/src/custom_defect/data/custom/A/正常20180914100926对照样本.jpg,0.6660083532333374,0.11177399754524231,0.3803921341896057,0.08405416297912598
A_0192.jpg,/home/lim-hyun-su/Defect_ws/src/custom_defect/data/custom/A/正常20180914101006对照样本.jpg,0.6633138060569763,0.11401817947626114,0.38823530077934265,0.08417550909519196
A_0193.jpg,/home/lim-hyun-su/Defect_ws/src/custom_defect/data/custom/A/正常20180913172347对照样本.jpg,0.573265790939331,0.12424023449420929,0.4117647111415863,0.0843262310028076
A_0194.jpg,/home/lim-hyun-su/Defect_ws/src/custom_defect/data/custom/A/正常20180915150713对照样本.jpg,0.5839664340019226,0.12683150172233582,0.41960784792900085,0.08451113057136535
A_0195.jpg,/home/lim-hyun-su/Defect_ws/src/custom_defect/data/custom/A/正常20180915152734对照样本.jpg,0.5924756526947021,0.13197851181030273,0.41960784792900085,0.08459408831596374
A_0196.jpg,/home/lim-hyun-su/Defect_ws/src/custom_defect/data/custom/A/正常20180915151437对照样本.jpg,0.5709546804428101,0.13084226846694946,0.3960784375667572,0.08461735796928405
A_0197.jpg,/home/lim-hyun-su/Defect_ws/src/custom_defect/data/custom/A/正常20180915160551对照样本.jpg,0.5861957669258118,0.1095791682600975,0.4156862795352936,0.08509302270412442
A_0198.jpg,/home/lim-hyun-su/Defect_ws/src/custom_defect/data/custom/A/正常20180915170958对照样本.jpg,0.5999870300292969,0.13867704570293427,0.41588208079338074,0.08525173616409301
A_0199.jpg,/home/lim-hyun-su/Defect_ws/src/custom_defect/data/custom/A/正常20180915145710对照样本.jpg,0.6100167036056519,0.11038882285356522,0.3137255012989044,0.08551689732074738
A_0200.jpg,/home/lim-hyun-su/Defect_ws/src/custom_defect/data/custom/A/正常20180915160725对照样本.jpg,0.5470343232154846,0.1167602464556694,0.3764705955982208,0.0855677236318588
A_0201.jpg,/home/lim-hyun-su/Defect_ws/src/custom_defect/data/custom/A/正常20180915151151对照样本.jpg,0.621263325214386,0.09731800109148026,0.3529411852359772,0.08593880283832551
A_0202.jpg,/home/lim-hyun-su/Defect_ws/src/custom_defect/data/custom/A/正常20180915154506对照样本.jpg,0.6133332252502441,0.09451880306005478,0.3490196168422699,0.08594264733791353
A_0203.jpg,/home/lim-hyun-su/Defect_ws/src/custom_defect/data/custom/A/正常20180913152611对照样本.jpg,0.6075394153594971,0.1014120876789093,0.3333333432674408,0.0867951829433441
A_0204.jpg,/home/lim-hyun-su/Defect_ws/src/custom_defect/data/custom/A/正常20180913171613对照样本.jpg,0.5572614669799805,0.12582805752754211,0.3921568691730499,0.08709922385215758
A_0205.jpg,/home/lim-hyun-su/Defect_ws/src/custom_defect/data/custom/A/正常20180915150225对照样本.jpg,0.5625450015068054,0.13331402838230133,0.3764705955982208,0.08710345935821533
A_0206.jpg,/home/lim-hyun-su/Defect_ws/src/custom_defect/data/custom/A/正常20180915164237对照样本.jpg,0.546731173992157,0.12004043161869049,0.36882326006889343,0.08718019437789916
A_0207.jpg,/home/lim-hyun-su/Defect_ws/src/custom_defect/data/custom/A/正常20180915145702对照样本.jpg,0.6118975877761841,0.11018767952919006,0.3137255012989044,0.08817624497413637
A_0208.jpg,/home/lim-hyun-su/Defect_ws/src/custom_defect/data/custom/A/正常20180915152713对照样本.jpg,0.5666112303733826,0.12681059539318085,0.35686275362968445,0.08882496070861816
A_0209.jpg,/home/lim-hyun-su/Defect_ws/src/custom_defect/data/custom/A/正常20180915145416对照样本.jpg,0.5911277532577515,0.11807218939065933,0.3176470696926117,0.08885524761676786
A_0210.jpg,/home/lim-hyun-su/Defect_ws/src/custom_defect/data/custom/A/正常20180915151340对照样本.jpg,0.5617064833641052,0.12956470251083374,0.3921568691730499,0.08923849415779112
A_0211.jpg,/home/lim-hyun-su/Defect_ws/src/custom_defect/data/custom/A/正常20180913171707对照样本.jpg,0.6219816207885742,0.108209989964962,0.4313725531101227,0.08933051812648773
A_0212.jpg,/home/lim-hyun-su/Defect_ws/src/custom_defect/data/custom/A/正常20180915152743对照样本.jpg,0.5970338582992554,0.13331422209739685,0.4274509847164154,0.08963879895210265
A_0213.jpg,/home/lim-hyun-su/Defect_ws/src/custom_defect/data/custom/A/正常20180915143800对照样本.jpg,0.63121098279953,0.10535166412591934,0.3450980484485626,0.08965180265903475
A_0214.jpg,/home/lim-hyun-su/Defect_ws/src/custom_defect/data/custom/A/正常20180913171402对照样本.jpg,0.5614609718322754,0.12572795152664185,0.4000000059604645,0.0897027428150177
A_0215.jpg,/home/lim-hyun-su/Defect_ws/src/custom_defect/data/custom/A/正常20180913163316对照样本.jpg,0.5934607982635498,0.09438394010066986,0.3607843220233917,0.09029483985900877
A_0216.jpg,/home/lim-hyun-su/Defect_ws/src/custom_defect/data/custom/A/正常20180915164316对照样本.jpg,0.5715779662132263,0.11136525124311447,0.3529411852359772,0.09043475282192229
A_0217.jpg,/home/lim-hyun-su/Defect_ws/src/custom_defect/data/custom/A/正常20180915152813对照样本.jpg,0.602347731590271,0.11083102226257324,0.4431372582912445,0.09065793585777279
A_0218.jpg,/home/lim-hyun-su/Defect_ws/src/custom_defect/data/custom/A/正常20180915144200对照样本.jpg,0.653110146522522,0.1317664384841919,0.3960784375667572,0.09134349036216738
A_0219.jpg,/home/lim-hyun-su/Defect_ws/src/custom_defect/data/custom/A/正常20180915145643对照样本.jpg,0.590025007724762,0.11539663374423981,0.32156863808631897,0.09160808515548705
A_0220.jpg,/home/lim-hyun-su/Defect_ws/src/custom_defect/data/custom/A/正常20180915160911对照样本.jpg,0.5795494914054871,0.12185661494731903,0.4313725531101227,0.09162639331817626
A_0221.jpg,/home/lim-hyun-su/Defect_ws/src/custom_defect/data/custom/A/正常20180915144841对照样本.jpg,0.5983898639678955,0.11198713630437851,0.3176470696926117,0.09231082093715666
A_0222.jpg,/home/lim-hyun-su/Defect_ws/src/custom_defect/data/custom/A/正常20180913171532对照样本.jpg,0.5604356527328491,0.12651123106479645,0.4000000059604645,0.09249968481063842
A_0223.jpg,/home/lim-hyun-su/Defect_ws/src/custom_defect/data/custom/A/正常20180913150922对照样本.jpg,0.5630031824111938,0.12293603271245956,0.3490196168422699,0.0932486296892166
A_0224.jpg,/home/lim-hyun-su/Defect_ws/src/custom_defect/data/custom/A/正常20180914094342对照样本.jpg,0.6253376007080078,0.10382021963596344,0.33725491166114807,0.09350976991653444
A_0225.jpg,/home/lim-hyun-su/Defect_ws/src/custom_defect/data/custom/A/正常20180913172318对照样本.jpg,0.5521917939186096,0.11791665107011795,0.4000000059604645,0.09353655111789701
A_0226.jpg,/home/lim-hyun-su/Defect_ws/src/custom_defect/data/custom/A/正常20180915161659对照样本.jpg,0.5485115051269531,0.11619410663843155,0.3921568691730499,0.09355484974384305
A_0227.jpg,/home/lim-hyun-su/Defect_ws/src/custom_defect/data/custom/A/正常20180915153827对照样本.jpg,0.6029004454612732,0.08888988941907883,0.35686275362968445,0.09387693297863005
A_0228.jpg,/home/lim-hyun-su/Defect_ws/src/custom_defect/data/custom/A/正常20180914152909对照样本.jpg,0.6477503180503845,0.09948388487100601,0.38823530077934265,0.09456791269779205
A_0229.jpg,/home/lim-hyun-su/Defect_ws/src/custom_defect/data/custom/A/正常20180915161545对照样本.jpg,0.5578466653823853,0.12610246241092682,0.4000000059604645,0.0947889323234558
A_0230.jpg,/home/lim-hyun-su/Defect_ws/src/custom_defect/data/custom/A/正常20180913165501对照样本.jpg,0.5729954242706299,0.09695655107498169,0.3843137323856354,0.0948061211109161
A_0231.jpg,/home/lim-hyun-su/Defect_ws/src/custom_defect/data/custom/A/正常20180913165224对照样本.jpg,0.5446971654891968,0.11392424255609512,0.3843137323856354,0.09482864868640896
A_0232.jpg,/home/lim-hyun-su/Defect_ws/src/custom_defect/data/custom/A/正常20180915170744对照样本.jpg,0.5755598545074463,0.12310559302568436,0.4274509847164154,0.09499034535884857
A_0233.jpg,/home/lim-hyun-su/Defect_ws/src/custom_defect/data/custom/A/正常20180915145404对照样本.jpg,0.5871826410293579,0.1152019128203392,0.32156863808631897,0.09540836703777311
A_0234.jpg,/home/lim-hyun-su/Defect_ws/src/custom_defect/data/custom/A/正常20180913153614对照样本.jpg,0.5878791213035583,0.0951303169131279,0.3607843220233917,0.09550009858608244
A_0235.jpg,/home/lim-hyun-su/Defect_ws/src/custom_defect/data/custom/A/正常20180915143954对照样本.jpg,0.6401703357696533,0.10777589678764343,0.3450980484485626,0.0955545608997345
A_0236.jpg,/home/lim-hyun-su/Defect_ws/src/custom_defect/data/custom/A/正常20180914094357对照样本.jpg,0.6579782962799072,0.10667724907398224,0.3686274588108063,0.09559199857711792
A_0237.jpg,/home/lim-hyun-su/Defect_ws/src/custom_defect/data/custom/A/正常20180913173109对照样本.jpg,0.5932101607322693,0.09814725816249847,0.4117647111415863,0.09561800193786618
A_0238.jpg,/home/lim-hyun-su/Defect_ws/src/custom_defect/data/custom/A/正常20180915161631对照样本.jpg,0.5699752569198608,0.1198226734995842,0.4274509847164154,0.09583532941341397
A_0239.jpg,/home/lim-hyun-su/Defect_ws/src/custom_defect/data/custom/A/正常20180915154327对照样本.jpg,0.6083992123603821,0.09233114123344421,0.34117648005485535,0.09608218264579771
A_0240.jpg,/home/lim-hyun-su/Defect_ws/src/custom_defect/data/custom/A/正常20180915161756对照样本.jpg,0.5405542850494385,0.12266676127910614,0.37254902720451355,0.09611935329437256
A_0241.jpg,/home/lim-hyun-su/Defect_ws/src/custom_defect/data/custom/A/正常20180915161008对照样本.jpg,0.5672925710678101,0.11932649463415146,0.42352941632270813,0.09612534177303311
A_0242.jpg,/home/lim-hyun-su/Defect_ws/src/custom_defect/data/custom/A/正常20180915160948对照样本.jpg,0.5830820202827454,0.10337398201227188,0.3490196168422699,0.09653399479389188
A_0243.jpg,/home/lim-hyun-su/Defect_ws/src/custom_defect/data/custom/A/正常20180915155351对照样本.jpg,0.5939898490905762,0.10074415802955627,0.34117648005485535,0.09654738497734068
A_0244.jpg,/home/lim-hyun-su/Defect_ws/src/custom_defect/data/custom/A/正常20180915161621对照样本.jpg,0.5687856674194336,0.1277468502521515,0.4117647111415863,0.09671561074256896
A_0245.jpg,/home/lim-hyun-su/Defect_ws/src/custom_defect/data/custom/A/正常20180914152151对照样本.jpg,0.6319978833198547,0.10228649526834488,0.3450980484485626,0.09672642099857331
A_0246.jpg,/home/lim-hyun-su/Defect_ws/src/custom_defect/data/custom/A/正常20180914152801对照样本.jpg,0.6403843760490417,0.10131235420703888,0.35686275362968445,0.0969737892150879
A_0247.jpg,/home/lim-hyun-su/Defect_ws/src/custom_defect/data/custom/A/正常20180915162143对照样本.jpg,0.5705665349960327,0.1064009815454483,0.35686275362968445,0.09765544128417966
A_0248.jpg,/home/lim-hyun-su/Defect_ws/src/custom_defect/data/custom/A/正常20180915143842对照样本.jpg,0.6229208111763,0.10021325200796127,0.33725491166114807,0.09782355773448945
A_0249.jpg,/home/lim-hyun-su/Defect_ws/src/custom_defect/data/custom/A/正常20180914103145对照样本.jpg,0.6680616140365601,0.11393383890390396,0.3960784375667572,0.09788469660282136
A_0250.jpg,/home/lim-hyun-su/Defect_ws/src/custom_defect/data/custom/A/正常20180915151512对照样本.jpg,0.5970093607902527,0.12962351739406586,0.4431372582912445,0.09797306013107299
A_0251.jpg,/home/lim-hyun-su/Defect_ws/src/custom_defect/data/custom/A/正常20180915161724对照样本.jpg,0.5680966377258301,0.11780259758234024,0.42352941632270813,0.09820825588703153
A_0252.jpg,/home/lim-hyun-su/Defect_ws/src/custom_defect/data/custom/A/正常20180915143416对照样本.jpg,0.6066777110099792,0.10401561111211777,0.3176470696926117,0.09830845487117765
A_0253.jpg,/home/lim-hyun-su/Defect_ws/src/custom_defect/data/custom/A/正常20180913171031对照样本.jpg,0.5608914494514465,0.10987384617328644,0.3607843220233917,0.09839824628829955
A_0254.jpg,/home/lim-hyun-su/Defect_ws/src/custom_defect/data/custom/A/正常20180914152635对照样本.jpg,0.6434893012046814,0.11458795517683029,0.4274509847164154,0.09846223580837249
A_0255.jpg,/home/lim-hyun-su/Defect_ws/src/custom_defect/data/custom/A/正常20180915145924对照样本.jpg,0.5930168032646179,0.10230962932109833,0.33725491166114807,0.09850566577911375
A_0256.jpg,/home/lim-hyun-su/Defect_ws/src/custom_defect/data/custom/A/正常20180913165353对照样本.jpg,0.5557520389556885,0.10535404086112976,0.3843137323856354,0.09870320391654964
A_0257.jpg,/home/lim-hyun-su/Defect_ws/src/custom_defect/data/custom/A/正常20180915151448对照样本.jpg,0.5861232280731201,0.13329359889030457,0.42352941632270813,0.09876874041557311
A_0258.jpg,/home/lim-hyun-su/Defect_ws/src/custom_defect/data/custom/A/正常20180915160844对照样本.jpg,0.5417758822441101,0.12238344550132751,0.3921568691730499,0.09879270148277282
A_0259.jpg,/home/lim-hyun-su/Defect_ws/src/custom_defect/data/custom/A/正常20180915153653对照样本.jpg,0.5887427926063538,0.12707555294036865,0.4394114911556244,0.09907124590873717
A_0260.jpg,/home/lim-hyun-su/Defect_ws/src/custom_defect/data/custom/A/正常20180913171844对照样本.jpg,0.5784484148025513,0.0914384126663208,0.3843137323856354,0.09929880928993222
A_0261.jpg,/home/lim-hyun-su/Defect_ws/src/custom_defect/data/custom/A/正常20180913171417对照样本.jpg,0.5519193410873413,0.1249207854270935,0.4000000059604645,0.09953836750984191
A_0262.jpg,/home/lim-hyun-su/Defect_ws/src/custom_defect/data/custom/A/正常20180915164328对照样本.jpg,0.5816418528556824,0.11252577602863312,0.3294117748737335,0.09956644964218136
A_0263.jpg,/home/lim-hyun-su/Defect_ws/src/custom_defect/data/custom/A/正常20180915144807对照样本.jpg,0.63353031873703,0.1245110034942627,0.3176470696926117,0.09961131978034976
A_0264.jpg,/home/lim-hyun-su/Defect_ws/src/custom_defect/data/custom/A/正常20180915164249对照样本.jpg,0.5453249216079712,0.11624250560998917,0.364705890417099,0.10041919243335722
A_0265.jpg,/home/lim-hyun-su/Defect_ws/src/custom_defect/data/custom/A/正常20180915160936对照样本.jpg,0.5791605710983276,0.10988834500312805,0.42352941632270813,0.10076004099845884
A_0266.jpg,/home/lim-hyun-su/Defect_ws/src/custom_defect/data/custom/A/正常20180915143920对照样本.jpg,0.6356775760650635,0.10237560421228409,0.3450980484485626,0.10096383440494539
A_0267.jpg,/home/lim-hyun-su/Defect_ws/src/custom_defect/data/custom/A/正常20180913171449对照样本.jpg,0.5699352025985718,0.09922058880329132,0.3686274588108063,0.10100912046432492
A_0268.jpg,/home/lim-hyun-su/Defect_ws/src/custom_defect/data/custom/A/正常20180913144120对照样本.jpg,0.5397843718528748,0.11325327306985855,0.3764705955982208,0.10128161203861234
A_0269.jpg,/home/lim-hyun-su/Defect_ws/src/custom_defect/data/custom/A/正常20180915170930对照样本.jpg,0.6025856733322144,0.10665888339281082,0.3137255012989044,0.10185392391681669
A_0270.jpg,/home/lim-hyun-su/Defect_ws/src/custom_defect/data/custom/A/正常20180914104641对照样本.jpg,0.651042640209198,0.09930549561977386,0.3686274588108063,0.10201271820068361
A_0271.jpg,/home/lim-hyun-su/Defect_ws/src/custom_defect/data/custom/A/正常20180913172147对照样本.jpg,0.5900680422782898,0.09874849766492844,0.4156862795352936,0.10210763347148892
A_0272.jpg,/home/lim-hyun-su/Defect_ws/src/custom_defect/data/custom/A/正常20180913173419对照样本.jpg,0.5895020365715027,0.13518306612968445,0.4274509847164154,0.10241467308998106
A_0273.jpg,/home/lim-hyun-su/Defect_ws/src/custom_defect/data/custom/A/正常20180915154644对照样本.jpg,0.5809369087219238,0.09972865879535675,0.3529411852359772,0.10247720670700071
A_0274.jpg,/home/lim-hyun-su/Defect_ws/src/custom_defect/data/custom/A/正常20180915160412对照样本.jpg,0.5841965675354004,0.10201674699783325,0.4156862795352936,0.10261690449714658
A_0275.jpg,/home/lim-hyun-su/Defect_ws/src/custom_defect/data/custom/A/正常20180913165206对照样本.jpg,0.5411017537117004,0.11368852853775024,0.37254902720451355,0.10275181126594542
A_0276.jpg,/home/lim-hyun-su/Defect_ws/src/custom_defect/data/custom/A/正常20180914145216对照样本.jpg,0.6205856204032898,0.10008179396390915,0.3294117748737335,0.10312738168239595
A_0277.jpg,/home/lim-hyun-su/Defect_ws/src/custom_defect/data/custom/A/正常20180915154319对照样本.jpg,0.5971423387527466,0.09745855629444122,0.33725491166114807,0.10325716924667357
A_0278.jpg,/home/lim-hyun-su/Defect_ws/src/custom_defect/data/custom/A/正常20180915143930对照样本.jpg,0.6273539066314697,0.10181882977485657,0.3333333432674408,0.10385368514060975
A_0279.jpg,/home/lim-hyun-su/Defect_ws/src/custom_defect/data/custom/A/正常20180914090439对照样本.jpg,0.6405214667320251,0.10173365473747253,0.3490196168422699,0.10413883376121522
A_0280.jpg,/home/lim-hyun-su/Defect_ws/src/custom_defect/data/custom/A/正常20180914094552对照样本.jpg,0.600471019744873,0.1087438091635704,0.30980393290519714,0.10414322507381438
A_0281.jpg,/home/lim-hyun-su/Defect_ws/src/custom_defect/data/custom/A/正常20180913172923对照样本.jpg,0.5278956890106201,0.11918354779481888,0.3843137323856354,0.10447180998325345
A_0282.jpg,/home/lim-hyun-su/Defect_ws/src/custom_defect/data/custom/A/正常20180915145343对照样本.jpg,0.5804097652435303,0.12753385305404663,0.32549020648002625,0.10508578133583069
A_0283.jpg,/home/lim-hyun-su/Defect_ws/src/custom_defect/data/custom/A/正常20180915153623对照样本.jpg,0.5832602977752686,0.13097184896469116,0.4313725531101227,0.10540389370918272
A_0284.jpg,/home/lim-hyun-su/Defect_ws/src/custom_defect/data/custom/A/正常20180913150934对照样本.jpg,0.5480177402496338,0.11778704822063446,0.3529411852359772,0.10586343002319333
A_0285.jpg,/home/lim-hyun-su/Defect_ws/src/custom_defect/data/custom/A/正常20180914101025对照样本.jpg,0.672353208065033,0.10654886811971664,0.3843137323856354,0.10603984582424164
A_0286.jpg,/home/lim-hyun-su/Defect_ws/src/custom_defect/data/custom/A/正常20180913171724对照样本.jpg,0.5743862390518188,0.09433265030384064,0.3921568691730499,0.10622808170318601
A_0287.jpg,/home/lim-hyun-su/Defect_ws/src/custom_defect/data/custom/A/正常20180915143858对照样本.jpg,0.656730592250824,0.12931883335113525,0.4117647111415863,0.1064790885448456
A_0288.jpg,/home/lim-hyun-su/Defect_ws/src/custom_defect/data/custom/A/正常20180915150555对照样本.jpg,0.5898429155349731,0.1060083657503128,0.32549020648002625,0.10668156337738036
A_0289.jpg,/home/lim-hyun-su/Defect_ws/src/custom_defect/data/custom/A/正常20180913165110对照样本.jpg,0.5488812923431396,0.11064690351486206,0.364705890417099,0.10734275174140928
A_0290.jpg,/home/lim-hyun-su/Defect_ws/src/custom_defect/data/custom/A/正常20180913171547对照样本.jpg,0.5673373341560364,0.1324782818555832,0.4117647111415863,0.10791647386550901
A_0291.jpg,/home/lim-hyun-su/Defect_ws/src/custom_defect/data/custom/A/正常20180913173024对照样本.jpg,0.5481294989585876,0.10491614788770676,0.3764705955982208,0.10794170987606046
A_0292.jpg,/home/lim-hyun-su/Defect_ws/src/custom_defect/data/custom/A/正常20180914140441对照样本.jpg,0.6406293511390686,0.10374204069375992,0.34117648005485535,0.10809465992450715
A_0293.jpg,/home/lim-hyun-su/Defect_ws/src/custom_defect/data/custom/A/正常20180915161555对照样本.jpg,0.5519525408744812,0.1292862743139267,0.4000000059604645,0.10822950553894041
A_0294.jpg,/home/lim-hyun-su/Defect_ws/src/custom_defect/data/custom/A/正常20180915153705对照样本.jpg,0.6083478927612305,0.12417640537023544,0.47843137383461,0.1087667132616043
A_0295.jpg,/home/lim-hyun-su/Defect_ws/src/custom_defect/data/custom/A/正常20180913173348对照样本.jpg,0.5787601470947266,0.10416043549776077,0.41960784792900085,0.1087748004198074
A_0296.jpg,/home/lim-hyun-su/Defect_ws/src/custom_defect/data/custom/A/正常20180913155118对照样本.jpg,0.6737851500511169,0.13072039186954498,0.3686274588108063,0.10935550498962406
A_0297.jpg,/home/lim-hyun-su/Defect_ws/src/custom_defect/data/custom/A/正常20180915160919对照样本.jpg,0.5855015516281128,0.12645705044269562,0.4470588266849518,0.10937106561660766
A_0298.jpg,/home/lim-hyun-su/Defect_ws/src/custom_defect/data/custom/A/正常20180915160928对照样本.jpg,0.5454299449920654,0.11781614273786545,0.40784314274787903,0.10969492328166959
A_0299.jpg,/home/lim-hyun-su/Defect_ws/src/custom_defect/data/custom/A/正常20180915144224对照样本.jpg,0.654410719871521,0.13044925034046173,0.4156862795352936,0.10987764406204226
A_0300.jpg,/home/lim-hyun-su/Defect_ws/src/custom_defect/data/custom/A/正常20180915151958对照样本.jpg,0.5793495774269104,0.09672919660806656,0.3529411852359772,0.1103809286355972
